<?xml version="1.0" encoding="UTF-8"?><rss version="2.0"
	xmlns:content="http://purl.org/rss/1.0/modules/content/"
	xmlns:wfw="http://wellformedweb.org/CommentAPI/"
	xmlns:dc="http://purl.org/dc/elements/1.1/"
	xmlns:atom="http://www.w3.org/2005/Atom"
	xmlns:sy="http://purl.org/rss/1.0/modules/syndication/"
	xmlns:slash="http://purl.org/rss/1.0/modules/slash/"
	>

<channel>
	<title>Baguette &#8211; Panetteria Modena</title>
	<atom:link href="http://localhost/ecommerce%20panetteria/index.php/categoria-prodotto/baguette/feed/?simply_static_page=554" rel="self" type="application/rss+xml" />
	<link></link>
	<description></description>
	<lastBuildDate>Fri, 24 Mar 2023 13:33:10 +0000</lastBuildDate>
	<language>it-IT</language>
	<sy:updatePeriod>
	hourly	</sy:updatePeriod>
	<sy:updateFrequency>
	1	</sy:updateFrequency>
	<generator>https://wordpress.org/?v=6.1.1</generator>
	<item>
		<title>Baguette</title>
		<link>/index.php/prodotto/baguette/</link>
					<comments>/index.php/prodotto/baguette/#comments</comments>
		
		<dc:creator><![CDATA[Stefano]]></dc:creator>
		<pubDate>Tue, 07 Jun 2022 08:46:48 +0000</pubDate>
				<guid isPermaLink="false">https://nicktesting.kinsta.cloud/shopdiko1/?post_type=product&#038;p=53</guid>

					<description><![CDATA[Benvenuti nella pagina prodotto della nostra deliziosa baguette!

La nostra baguette è l'emblema della tradizione francese e viene preparata artigianalmente ogni giorno dai nostri panettieri. La sua crosta croccante e dorata nasconde un interno soffice e profumato.

Abbiamo diverse varianti di baguette tra cui scegliere, dalla classica baguette francese alla baguette integrale con semi di girasole, dalla baguette con olive nere alla baguette con noci e uvetta.

“Il prezzo si intende al chilo”]]></description>
										<content:encoded><![CDATA[<p>La nostra baguette è perfetta per accompagnare qualsiasi pasto o per creare dei gustosi panini. Puoi farcirla con prosciutto e formaggio, tonno e pomodoro o con le tue verdure preferite per un pranzo veloce e salutare.</p>
<p>Se stai organizzando un aperitivo con gli amici, ti consigliamo di servire la nostra baguette tagliata a fette sottili e accompagnata da formaggi, salumi e un buon bicchiere di vino.</p>
<p>Vieni a provarla nella nostra panetteria o ordina online per gustarla comodamente a casa tua. Ti garantiamo che non potrai resistere al suo aroma e al suo sapore unico!</p>
]]></content:encoded>
					
					<wfw:commentRss>/index.php/prodotto/baguette/feed/</wfw:commentRss>
			<slash:comments>3</slash:comments>
		
		
			</item>
	</channel>
</rss>
