<?xml version="1.0" encoding="UTF-8"?><rss version="2.0"
	xmlns:content="http://purl.org/rss/1.0/modules/content/"
	xmlns:wfw="http://wellformedweb.org/CommentAPI/"
	xmlns:dc="http://purl.org/dc/elements/1.1/"
	xmlns:atom="http://www.w3.org/2005/Atom"
	xmlns:sy="http://purl.org/rss/1.0/modules/syndication/"
	xmlns:slash="http://purl.org/rss/1.0/modules/slash/"
	>

<channel>
	<title>Focaccia &#8211; Panetteria Modena</title>
	<atom:link href="http://localhost/ecommerce%20panetteria/index.php/categoria-prodotto/focaccia/feed/?simply_static_page=569" rel="self" type="application/rss+xml" />
	<link></link>
	<description></description>
	<lastBuildDate>Fri, 24 Mar 2023 15:36:31 +0000</lastBuildDate>
	<language>it-IT</language>
	<sy:updatePeriod>
	hourly	</sy:updatePeriod>
	<sy:updateFrequency>
	1	</sy:updateFrequency>
	<generator>https://wordpress.org/?v=6.1.1</generator>
	<item>
		<title>Focaccia</title>
		<link>/index.php/prodotto/focaccia/</link>
					<comments>/index.php/prodotto/focaccia/#comments</comments>
		
		<dc:creator><![CDATA[Stefano]]></dc:creator>
		<pubDate>Tue, 07 Jun 2022 10:21:37 +0000</pubDate>
				<guid isPermaLink="false">https://nicktesting.kinsta.cloud/shopdiko1/?post_type=product&#038;p=83</guid>

					<description><![CDATA[Benvenuti nella pagina prodotto della nostra deliziosa focaccia!

La nostra focaccia è un prodotto tipico della tradizione italiana, preparato artigianalmente dai nostri panettieri utilizzando solo ingredienti naturali e di alta qualità.

La sua consistenza morbida e la sua crosta croccante la rendono perfetta da gustare sia calda che fredda, accompagnata da una selezione di formaggi, salumi, verdure o semplicemente da un filo di olio extravergine d'oliva.

“Il prezzo si intende al chilo”]]></description>
										<content:encoded><![CDATA[<div class="group w-full text-gray-800 dark:text-gray-100 border-b border-black/10 dark:border-gray-900/50 bg-gray-50 dark:bg-[#444654]">
<div class="text-base gap-4 md:gap-6 md:max-w-2xl lg:max-w-2xl xl:max-w-3xl p-4 md:py-6 flex lg:px-0 m-auto">
<div class="relative flex w-[calc(100%-50px)] flex-col gap-1 md:gap-3 lg:w-[calc(100%-115px)]">
<div class="flex flex-grow flex-col gap-3">
<div class="min-h-[20px] flex flex-col items-start gap-4 whitespace-pre-wrap">
<div class="markdown prose w-full break-words dark:prose-invert light">
<p>Abbiamo diverse varianti di focaccia tra cui scegliere, dalla classica focaccia ligure con sale grosso e rosmarino, alla focaccia farcita con pomodori, olive e cipolle. Tutte le nostre focacce sono cotte lentamente in forno per garantire una consistenza morbida e gustosa.</p>
<p>La nostra focaccia è perfetta per accompagnare qualsiasi pasto, dalla colazione alla cena. Puoi gustarla con un&#8217;ampia selezione di salumi e formaggi, oppure farcirla con verdure grigliate e prosciutto cotto per un pranzo veloce e gustoso.</p>
<p>Vieni a scoprire la nostra focaccia nella nostra panetteria o ordina online per gustarla comodamente a casa tua. Ti garantiamo che il suo sapore unico e la sua consistenza morbida ti conquisteranno fin dal primo morso!</p>
</div>
</div>
</div>
</div>
</div>
</div>
]]></content:encoded>
					
					<wfw:commentRss>/index.php/prodotto/focaccia/feed/</wfw:commentRss>
			<slash:comments>1</slash:comments>
		
		
			</item>
	</channel>
</rss>
