<?xml version="1.0" encoding="UTF-8"?><rss version="2.0"
	xmlns:content="http://purl.org/rss/1.0/modules/content/"
	xmlns:wfw="http://wellformedweb.org/CommentAPI/"
	xmlns:dc="http://purl.org/dc/elements/1.1/"
	xmlns:atom="http://www.w3.org/2005/Atom"
	xmlns:sy="http://purl.org/rss/1.0/modules/syndication/"
	xmlns:slash="http://purl.org/rss/1.0/modules/slash/"
	>

<channel>
	<title>Pane lievito madre &#8211; Panetteria Modena</title>
	<atom:link href="http://localhost/ecommerce%20panetteria/index.php/categoria-prodotto/pane-lievito-madre/feed/?simply_static_page=549" rel="self" type="application/rss+xml" />
	<link></link>
	<description></description>
	<lastBuildDate>Fri, 24 Mar 2023 13:35:43 +0000</lastBuildDate>
	<language>it-IT</language>
	<sy:updatePeriod>
	hourly	</sy:updatePeriod>
	<sy:updateFrequency>
	1	</sy:updateFrequency>
	<generator>https://wordpress.org/?v=6.1.1</generator>
	<item>
		<title>Pane lievito madre</title>
		<link>/index.php/prodotto/pane-lievito-madre/</link>
					<comments>/index.php/prodotto/pane-lievito-madre/#comments</comments>
		
		<dc:creator><![CDATA[Stefano]]></dc:creator>
		<pubDate>Tue, 07 Jun 2022 09:52:50 +0000</pubDate>
				<guid isPermaLink="false">https://nicktesting.kinsta.cloud/shopdiko1/?post_type=product&#038;p=71</guid>

					<description><![CDATA[Benvenuti nella pagina prodotto del nostro pane al lievito madre!

Il nostro pane al lievito madre è un prodotto artigianale, fatto con cura e passione dai nostri panettieri utilizzando solo ingredienti naturali e di alta qualità.

Il lievito madre è la chiave per la bontà e la digeribilità del nostro pane. La sua lavorazione artigianale, la sua lunga lievitazione e la sua cottura in forno a legna, conferiscono alla crosta del pane un colore dorato e croccante, mentre l'interno risulta soffice e fragrante.

“Il prezzo si intende al chilo”]]></description>
										<content:encoded><![CDATA[<p>Proponiamo diverse varianti di pane al lievito madre, dalla classica baguette al pane integrale con semi di lino e girasole, dal pane ai cereali con avena, segale e orzo, al pane ai 5 cereali con grano, segale, orzo, mais e avena.</p>
<p>Il nostro pane al lievito madre è perfetto per accompagnare qualsiasi pasto, dalla colazione alla cena. Puoi gustarlo con marmellata o burro per la colazione, farcito con salumi e formaggi per un pranzo veloce, o come base per preparare crostini e bruschette per un aperitivo con gli amici.</p>
<p>Vieni a scoprire il nostro pane al lievito madre nella nostra panetteria, oppure ordina online per gustarlo comodamente a casa tua. Ti garantiamo che la sua bontà e il suo aroma ti conquisteranno fin dal primo morso!</p>
]]></content:encoded>
					
					<wfw:commentRss>/index.php/prodotto/pane-lievito-madre/feed/</wfw:commentRss>
			<slash:comments>2</slash:comments>
		
		
			</item>
	</channel>
</rss>
