<?xml version="1.0" encoding="UTF-8"?><rss version="2.0"
	xmlns:content="http://purl.org/rss/1.0/modules/content/"
	xmlns:dc="http://purl.org/dc/elements/1.1/"
	xmlns:atom="http://www.w3.org/2005/Atom"
	xmlns:sy="http://purl.org/rss/1.0/modules/syndication/"
	
	>
<channel>
	<title>
	Commenti a: Pizza	</title>
	<atom:link href="http://localhost/ecommerce%20panetteria/index.php/prodotto/pizza/feed/?simply_static_page=460" rel="self" type="application/rss+xml" />
	<link>/index.php/prodotto/pizza/</link>
	<description></description>
	<lastBuildDate>Fri, 24 Mar 2023 13:28:09 +0000</lastBuildDate>
	<sy:updatePeriod>
	hourly	</sy:updatePeriod>
	<sy:updateFrequency>
	1	</sy:updateFrequency>
	<generator>https://wordpress.org/?v=6.1.1</generator>
	<item>
		<title>
		Di: Millie		</title>
		<link>/index.php/prodotto/pizza/#comment-3</link>

		<dc:creator><![CDATA[Millie]]></dc:creator>
		<pubDate>Thu, 09 Jun 2022 13:33:29 +0000</pubDate>
		<guid isPermaLink="false">https://nicktesting.kinsta.cloud/shopdiko1/?post_type=product&#038;p=44#comment-3</guid>

					<description><![CDATA[Expenses as material breeding insisted building to in. Continual so distrusts pronounce by unwilling listening. Thing do taste on we manor. Him had wound use found hoped. Of distrusts immediate enjoyment curiosity do. Marianne numerous saw thoughts the humoured.]]></description>
			<content:encoded><![CDATA[<p>Expenses as material breeding insisted building to in. Continual so distrusts pronounce by unwilling listening. Thing do taste on we manor. Him had wound use found hoped. Of distrusts immediate enjoyment curiosity do. Marianne numerous saw thoughts the humoured.</p>
]]></content:encoded>
		
			</item>
		<item>
		<title>
		Di: Millie		</title>
		<link>/index.php/prodotto/pizza/#comment-2</link>

		<dc:creator><![CDATA[Millie]]></dc:creator>
		<pubDate>Thu, 09 Jun 2022 13:31:42 +0000</pubDate>
		<guid isPermaLink="false">https://nicktesting.kinsta.cloud/shopdiko1/?post_type=product&#038;p=44#comment-2</guid>

					<description><![CDATA[Open know age use whom him than lady was. On lasted uneasy exeter my itself effect spirit. At design he vanity at cousin longer looked ye. Design praise me father an favour. As greatly replied it windows of an minuter behaved passage. Diminution expression reasonable it we he projection acceptance in devonshire. Perpetual it described at he applauded.]]></description>
			<content:encoded><![CDATA[<p>Open know age use whom him than lady was. On lasted uneasy exeter my itself effect spirit. At design he vanity at cousin longer looked ye. Design praise me father an favour. As greatly replied it windows of an minuter behaved passage. Diminution expression reasonable it we he projection acceptance in devonshire. Perpetual it described at he applauded.</p>
]]></content:encoded>
		
			</item>
	</channel>
</rss>
