<?xml version="1.0" encoding="UTF-8"?><rss version="2.0"
	xmlns:content="http://purl.org/rss/1.0/modules/content/"
	xmlns:wfw="http://wellformedweb.org/CommentAPI/"
	xmlns:dc="http://purl.org/dc/elements/1.1/"
	xmlns:atom="http://www.w3.org/2005/Atom"
	xmlns:sy="http://purl.org/rss/1.0/modules/syndication/"
	xmlns:slash="http://purl.org/rss/1.0/modules/slash/"
	>

<channel>
	<title>Pizza &#8211; Panetteria Modena</title>
	<atom:link href="http://localhost/ecommerce%20panetteria/index.php/categoria-prodotto/pizza/feed/?simply_static_page=556" rel="self" type="application/rss+xml" />
	<link></link>
	<description></description>
	<lastBuildDate>Fri, 24 Mar 2023 13:28:09 +0000</lastBuildDate>
	<language>it-IT</language>
	<sy:updatePeriod>
	hourly	</sy:updatePeriod>
	<sy:updateFrequency>
	1	</sy:updateFrequency>
	<generator>https://wordpress.org/?v=6.1.1</generator>
	<item>
		<title>Pizza</title>
		<link>/index.php/prodotto/pizza/</link>
					<comments>/index.php/prodotto/pizza/#comments</comments>
		
		<dc:creator><![CDATA[Stefano]]></dc:creator>
		<pubDate>Tue, 07 Jun 2022 07:49:34 +0000</pubDate>
				<guid isPermaLink="false">https://nicktesting.kinsta.cloud/shopdiko1/?post_type=product&#038;p=44</guid>

					<description><![CDATA[Benvenuti nella pagina prodotto della nostra deliziosa pizza!

La nostra pizza è fatta con ingredienti freschi e di alta qualità, provenienti dai fornitori locali. La base della nostra pizza è preparata con una pasta lievitata a lungo, che la rende leggera e fragrante.

"Il prezzo si intende al chilo"]]></description>
										<content:encoded><![CDATA[<div class="group w-full text-gray-800 dark:text-gray-100 border-b border-black/10 dark:border-gray-900/50 bg-gray-50 dark:bg-[#444654]">
<div class="text-base gap-4 md:gap-6 md:max-w-2xl lg:max-w-2xl xl:max-w-3xl p-4 md:py-6 flex lg:px-0 m-auto">
<div class="relative flex w-[calc(100%-50px)] flex-col gap-1 md:gap-3 lg:w-[calc(100%-115px)]">
<div class="flex flex-grow flex-col gap-3">
<div class="min-h-[20px] flex flex-col items-start gap-4 whitespace-pre-wrap">
<div class="markdown prose w-full break-words dark:prose-invert light">
<p>Scegli tra le nostre varianti di pizza classiche come Margherita, Napoli, Quattro Formaggi o Prosciutto e Funghi, oppure prova le nostre specialità come la pizza con Salsiccia e Friarielli, la pizza con la Bufala e i Pomodorini, o la pizza con i Funghi Porcini.</p>
<p>Se sei alla ricerca di una pizza senza glutine, abbiamo anche la soluzione perfetta per te. La nostra pizza senza glutine è altrettanto gustosa e fragrante della pizza tradizionale, ma senza il glutine.</p>
<p>Puoi scegliere la taglia della tua pizza in base alle tue esigenze. Abbiamo le dimensioni standard da 28 cm o la grande da 40 cm, ideale per condividere con gli amici o la famiglia.</p>
<p>Ordina ora la tua pizza preferita e gustala comodamente a casa tua. Ti garantiamo che non rimarrai deluso!</p>
</div>
</div>
</div>
</div>
</div>
</div>
]]></content:encoded>
					
					<wfw:commentRss>/index.php/prodotto/pizza/feed/</wfw:commentRss>
			<slash:comments>2</slash:comments>
		
		
			</item>
	</channel>
</rss>
