<?xml version="1.0" encoding="UTF-8"?><rss version="2.0"
	xmlns:content="http://purl.org/rss/1.0/modules/content/"
	xmlns:wfw="http://wellformedweb.org/CommentAPI/"
	xmlns:dc="http://purl.org/dc/elements/1.1/"
	xmlns:atom="http://www.w3.org/2005/Atom"
	xmlns:sy="http://purl.org/rss/1.0/modules/syndication/"
	xmlns:slash="http://purl.org/rss/1.0/modules/slash/"
	>

<channel>
	<title>Prodotti &#8211; Panetteria Modena</title>
	<atom:link href="http://localhost/ecommerce%20panetteria/index.php/shop-wooshop-v1/feed/?simply_static_page=410" rel="self" type="application/rss+xml" />
	<link></link>
	<description></description>
	<lastBuildDate>Fri, 24 Mar 2023 16:16:46 +0000</lastBuildDate>
	<language>it-IT</language>
	<sy:updatePeriod>
	hourly	</sy:updatePeriod>
	<sy:updateFrequency>
	1	</sy:updateFrequency>
	<generator>https://wordpress.org/?v=6.1.1</generator>
	<item>
		<title>Pane integrale</title>
		<link>/index.php/prodotto/pane-integrale/</link>
					<comments>/index.php/prodotto/pane-integrale/#comments</comments>
		
		<dc:creator><![CDATA[Stefano]]></dc:creator>
		<pubDate>Tue, 07 Jun 2022 10:29:17 +0000</pubDate>
				<guid isPermaLink="false">https://nicktesting.kinsta.cloud/shopdiko1/?post_type=product&#038;p=110</guid>

					<description><![CDATA[Benvenuti nella pagina prodotto del nostro pane integrale!

Il nostro pane integrale è un prodotto artigianale preparato con cura e attenzione dai nostri panettieri, utilizzando solo ingredienti naturali e di alta qualità.

La farina integrale utilizzata per la preparazione del nostro pane contiene il germe di grano e la crusca, elementi che la rendono ricca di fibre e sostanze nutritive. Il risultato è un pane dal sapore intenso e nutriente, perfetto per una dieta sana e bilanciata.

"Il prezzo si intende al chilo"]]></description>
										<content:encoded><![CDATA[<p>La nostra lavorazione artigianale, la lunga lievitazione e la cottura in forno a legna, conferiscono alla crosta del pane un colore dorato e croccante, mentre l&#8217;interno risulta soffice e fragrante.</p>
<p>Il nostro pane integrale è perfetto da gustare in ogni momento della giornata, dalla colazione alla cena. Puoi gustarlo con marmellata o burro per la colazione, farcito con salumi e formaggi per un pranzo veloce, o accompagnato da una selezione di verdure grigliate per una cena leggera e gustosa.</p>
<p>Vieni a scoprire il nostro pane integrale nella nostra panetteria, oppure ordina online per gustarlo comodamente a casa tua. Ti garantiamo che la sua bontà e il suo aroma ti conquisteranno fin dal primo morso!</p>
]]></content:encoded>
					
					<wfw:commentRss>/index.php/prodotto/pane-integrale/feed/</wfw:commentRss>
			<slash:comments>2</slash:comments>
		
		
			</item>
		<item>
		<title>Focaccia</title>
		<link>/index.php/prodotto/focaccia/</link>
					<comments>/index.php/prodotto/focaccia/#comments</comments>
		
		<dc:creator><![CDATA[Stefano]]></dc:creator>
		<pubDate>Tue, 07 Jun 2022 10:21:37 +0000</pubDate>
				<guid isPermaLink="false">https://nicktesting.kinsta.cloud/shopdiko1/?post_type=product&#038;p=83</guid>

					<description><![CDATA[Benvenuti nella pagina prodotto della nostra deliziosa focaccia!

La nostra focaccia è un prodotto tipico della tradizione italiana, preparato artigianalmente dai nostri panettieri utilizzando solo ingredienti naturali e di alta qualità.

La sua consistenza morbida e la sua crosta croccante la rendono perfetta da gustare sia calda che fredda, accompagnata da una selezione di formaggi, salumi, verdure o semplicemente da un filo di olio extravergine d'oliva.

“Il prezzo si intende al chilo”]]></description>
										<content:encoded><![CDATA[<div class="group w-full text-gray-800 dark:text-gray-100 border-b border-black/10 dark:border-gray-900/50 bg-gray-50 dark:bg-[#444654]">
<div class="text-base gap-4 md:gap-6 md:max-w-2xl lg:max-w-2xl xl:max-w-3xl p-4 md:py-6 flex lg:px-0 m-auto">
<div class="relative flex w-[calc(100%-50px)] flex-col gap-1 md:gap-3 lg:w-[calc(100%-115px)]">
<div class="flex flex-grow flex-col gap-3">
<div class="min-h-[20px] flex flex-col items-start gap-4 whitespace-pre-wrap">
<div class="markdown prose w-full break-words dark:prose-invert light">
<p>Abbiamo diverse varianti di focaccia tra cui scegliere, dalla classica focaccia ligure con sale grosso e rosmarino, alla focaccia farcita con pomodori, olive e cipolle. Tutte le nostre focacce sono cotte lentamente in forno per garantire una consistenza morbida e gustosa.</p>
<p>La nostra focaccia è perfetta per accompagnare qualsiasi pasto, dalla colazione alla cena. Puoi gustarla con un&#8217;ampia selezione di salumi e formaggi, oppure farcirla con verdure grigliate e prosciutto cotto per un pranzo veloce e gustoso.</p>
<p>Vieni a scoprire la nostra focaccia nella nostra panetteria o ordina online per gustarla comodamente a casa tua. Ti garantiamo che il suo sapore unico e la sua consistenza morbida ti conquisteranno fin dal primo morso!</p>
</div>
</div>
</div>
</div>
</div>
</div>
]]></content:encoded>
					
					<wfw:commentRss>/index.php/prodotto/focaccia/feed/</wfw:commentRss>
			<slash:comments>1</slash:comments>
		
		
			</item>
		<item>
		<title>Grissini</title>
		<link>/index.php/prodotto/grissini/</link>
					<comments>/index.php/prodotto/grissini/#comments</comments>
		
		<dc:creator><![CDATA[Stefano]]></dc:creator>
		<pubDate>Tue, 07 Jun 2022 10:06:29 +0000</pubDate>
				<guid isPermaLink="false">https://nicktesting.kinsta.cloud/shopdiko1/?post_type=product&#038;p=78</guid>

					<description><![CDATA[Benvenuti nella pagina prodotto dei nostri deliziosi grissini!

I nostri grissini sono preparati artigianalmente dai nostri panettieri utilizzando solo ingredienti naturali e di alta qualità. La loro forma allungata e sottile li rende perfetti come snack da gustare in qualsiasi momento della giornata.

Abbiamo diverse varianti di grissini tra cui scegliere, dalla classica versione ai grissini al sesamo o ai grissini al rosmarino. Tutti i nostri grissini sono cotti lentamente in forno per garantire una consistenza croccante e friabile.

“Il prezzo si intende al chilo”]]></description>
										<content:encoded><![CDATA[<p>I nostri grissini sono perfetti da gustare come aperitivo, accompagnati da una selezione di formaggi, salumi e una buona bottiglia di vino. Puoi anche servirli come antipasto per i tuoi ospiti o come snack sano e gustoso durante la giornata.</p>
<p>Se sei alla ricerca di un&#8217;idea originale per un regalo o per una sorpresa, ti consigliamo di provare i nostri grissini in una confezione regalo elegante e raffinata.</p>
<p>Vieni a scoprire i nostri grissini nella nostra panetteria o ordina online per gustarli comodamente a casa tua. Ti garantiamo che il loro sapore unico e la loro croccantezza ti conquisteranno fin dal primo morso!</p>
]]></content:encoded>
					
					<wfw:commentRss>/index.php/prodotto/grissini/feed/</wfw:commentRss>
			<slash:comments>2</slash:comments>
		
		
			</item>
		<item>
		<title>Pane lievito madre</title>
		<link>/index.php/prodotto/pane-lievito-madre/</link>
					<comments>/index.php/prodotto/pane-lievito-madre/#comments</comments>
		
		<dc:creator><![CDATA[Stefano]]></dc:creator>
		<pubDate>Tue, 07 Jun 2022 09:52:50 +0000</pubDate>
				<guid isPermaLink="false">https://nicktesting.kinsta.cloud/shopdiko1/?post_type=product&#038;p=71</guid>

					<description><![CDATA[Benvenuti nella pagina prodotto del nostro pane al lievito madre!

Il nostro pane al lievito madre è un prodotto artigianale, fatto con cura e passione dai nostri panettieri utilizzando solo ingredienti naturali e di alta qualità.

Il lievito madre è la chiave per la bontà e la digeribilità del nostro pane. La sua lavorazione artigianale, la sua lunga lievitazione e la sua cottura in forno a legna, conferiscono alla crosta del pane un colore dorato e croccante, mentre l'interno risulta soffice e fragrante.

“Il prezzo si intende al chilo”]]></description>
										<content:encoded><![CDATA[<p>Proponiamo diverse varianti di pane al lievito madre, dalla classica baguette al pane integrale con semi di lino e girasole, dal pane ai cereali con avena, segale e orzo, al pane ai 5 cereali con grano, segale, orzo, mais e avena.</p>
<p>Il nostro pane al lievito madre è perfetto per accompagnare qualsiasi pasto, dalla colazione alla cena. Puoi gustarlo con marmellata o burro per la colazione, farcito con salumi e formaggi per un pranzo veloce, o come base per preparare crostini e bruschette per un aperitivo con gli amici.</p>
<p>Vieni a scoprire il nostro pane al lievito madre nella nostra panetteria, oppure ordina online per gustarlo comodamente a casa tua. Ti garantiamo che la sua bontà e il suo aroma ti conquisteranno fin dal primo morso!</p>
]]></content:encoded>
					
					<wfw:commentRss>/index.php/prodotto/pane-lievito-madre/feed/</wfw:commentRss>
			<slash:comments>2</slash:comments>
		
		
			</item>
		<item>
		<title>Baguette</title>
		<link>/index.php/prodotto/baguette/</link>
					<comments>/index.php/prodotto/baguette/#comments</comments>
		
		<dc:creator><![CDATA[Stefano]]></dc:creator>
		<pubDate>Tue, 07 Jun 2022 08:46:48 +0000</pubDate>
				<guid isPermaLink="false">https://nicktesting.kinsta.cloud/shopdiko1/?post_type=product&#038;p=53</guid>

					<description><![CDATA[Benvenuti nella pagina prodotto della nostra deliziosa baguette!

La nostra baguette è l'emblema della tradizione francese e viene preparata artigianalmente ogni giorno dai nostri panettieri. La sua crosta croccante e dorata nasconde un interno soffice e profumato.

Abbiamo diverse varianti di baguette tra cui scegliere, dalla classica baguette francese alla baguette integrale con semi di girasole, dalla baguette con olive nere alla baguette con noci e uvetta.

“Il prezzo si intende al chilo”]]></description>
										<content:encoded><![CDATA[<p>La nostra baguette è perfetta per accompagnare qualsiasi pasto o per creare dei gustosi panini. Puoi farcirla con prosciutto e formaggio, tonno e pomodoro o con le tue verdure preferite per un pranzo veloce e salutare.</p>
<p>Se stai organizzando un aperitivo con gli amici, ti consigliamo di servire la nostra baguette tagliata a fette sottili e accompagnata da formaggi, salumi e un buon bicchiere di vino.</p>
<p>Vieni a provarla nella nostra panetteria o ordina online per gustarla comodamente a casa tua. Ti garantiamo che non potrai resistere al suo aroma e al suo sapore unico!</p>
]]></content:encoded>
					
					<wfw:commentRss>/index.php/prodotto/baguette/feed/</wfw:commentRss>
			<slash:comments>3</slash:comments>
		
		
			</item>
		<item>
		<title>Pizza</title>
		<link>/index.php/prodotto/pizza/</link>
					<comments>/index.php/prodotto/pizza/#comments</comments>
		
		<dc:creator><![CDATA[Stefano]]></dc:creator>
		<pubDate>Tue, 07 Jun 2022 07:49:34 +0000</pubDate>
				<guid isPermaLink="false">https://nicktesting.kinsta.cloud/shopdiko1/?post_type=product&#038;p=44</guid>

					<description><![CDATA[Benvenuti nella pagina prodotto della nostra deliziosa pizza!

La nostra pizza è fatta con ingredienti freschi e di alta qualità, provenienti dai fornitori locali. La base della nostra pizza è preparata con una pasta lievitata a lungo, che la rende leggera e fragrante.

"Il prezzo si intende al chilo"]]></description>
										<content:encoded><![CDATA[<div class="group w-full text-gray-800 dark:text-gray-100 border-b border-black/10 dark:border-gray-900/50 bg-gray-50 dark:bg-[#444654]">
<div class="text-base gap-4 md:gap-6 md:max-w-2xl lg:max-w-2xl xl:max-w-3xl p-4 md:py-6 flex lg:px-0 m-auto">
<div class="relative flex w-[calc(100%-50px)] flex-col gap-1 md:gap-3 lg:w-[calc(100%-115px)]">
<div class="flex flex-grow flex-col gap-3">
<div class="min-h-[20px] flex flex-col items-start gap-4 whitespace-pre-wrap">
<div class="markdown prose w-full break-words dark:prose-invert light">
<p>Scegli tra le nostre varianti di pizza classiche come Margherita, Napoli, Quattro Formaggi o Prosciutto e Funghi, oppure prova le nostre specialità come la pizza con Salsiccia e Friarielli, la pizza con la Bufala e i Pomodorini, o la pizza con i Funghi Porcini.</p>
<p>Se sei alla ricerca di una pizza senza glutine, abbiamo anche la soluzione perfetta per te. La nostra pizza senza glutine è altrettanto gustosa e fragrante della pizza tradizionale, ma senza il glutine.</p>
<p>Puoi scegliere la taglia della tua pizza in base alle tue esigenze. Abbiamo le dimensioni standard da 28 cm o la grande da 40 cm, ideale per condividere con gli amici o la famiglia.</p>
<p>Ordina ora la tua pizza preferita e gustala comodamente a casa tua. Ti garantiamo che non rimarrai deluso!</p>
</div>
</div>
</div>
</div>
</div>
</div>
]]></content:encoded>
					
					<wfw:commentRss>/index.php/prodotto/pizza/feed/</wfw:commentRss>
			<slash:comments>2</slash:comments>
		
		
			</item>
	</channel>
</rss>
