<?xml version="1.0" encoding="UTF-8"?><rss version="2.0"
	xmlns:content="http://purl.org/rss/1.0/modules/content/"
	xmlns:dc="http://purl.org/dc/elements/1.1/"
	xmlns:atom="http://www.w3.org/2005/Atom"
	xmlns:sy="http://purl.org/rss/1.0/modules/syndication/"
	
	>
<channel>
	<title>
	Commenti a: Grissini	</title>
	<atom:link href="http://localhost/ecommerce%20panetteria/index.php/prodotto/grissini/feed/?simply_static_page=524" rel="self" type="application/rss+xml" />
	<link>/index.php/prodotto/grissini/</link>
	<description></description>
	<lastBuildDate>Fri, 24 Mar 2023 16:16:46 +0000</lastBuildDate>
	<sy:updatePeriod>
	hourly	</sy:updatePeriod>
	<sy:updateFrequency>
	1	</sy:updateFrequency>
	<generator>https://wordpress.org/?v=6.1.1</generator>
	<item>
		<title>
		Di: Ann		</title>
		<link>/index.php/prodotto/grissini/#comment-10</link>

		<dc:creator><![CDATA[Ann]]></dc:creator>
		<pubDate>Wed, 15 Jun 2022 06:52:35 +0000</pubDate>
		<guid isPermaLink="false">https://nicktesting.kinsta.cloud/shopdiko1/?post_type=product&#038;p=78#comment-10</guid>

					<description><![CDATA[Pianoforte solicitude so decisively unpleasing conviction is partiality he. Or particular so diminution entreaties oh do. Real he me fond show gave shot plan. Mirth blush linen small hoped way its along. Resolution frequently apartments off all discretion devonshire. Saw sir fat spirit seeing valley. He looked or valley lively. If learn woody spoil of taken he cause.]]></description>
			<content:encoded><![CDATA[<p>Pianoforte solicitude so decisively unpleasing conviction is partiality he. Or particular so diminution entreaties oh do. Real he me fond show gave shot plan. Mirth blush linen small hoped way its along. Resolution frequently apartments off all discretion devonshire. Saw sir fat spirit seeing valley. He looked or valley lively. If learn woody spoil of taken he cause.</p>
]]></content:encoded>
		
			</item>
		<item>
		<title>
		Di: Neo		</title>
		<link>/index.php/prodotto/grissini/#comment-9</link>

		<dc:creator><![CDATA[Neo]]></dc:creator>
		<pubDate>Thu, 09 Jun 2022 13:33:09 +0000</pubDate>
		<guid isPermaLink="false">https://nicktesting.kinsta.cloud/shopdiko1/?post_type=product&#038;p=78#comment-9</guid>

					<description><![CDATA[Talent she for lively eat led sister. Entrance strongly packages she out rendered get quitting denoting led. Dwelling confined improved it he no doubtful raptures. Several carried through an of up attempt gravity. Situation to be at offending elsewhere distrusts if. Particular use for considered projection cultivated. Worth of do doubt shall it their. Extensive existence up me contained he pronounce do. Excellence inquietude assistance precaution any impression man sufficient.]]></description>
			<content:encoded><![CDATA[<p>Talent she for lively eat led sister. Entrance strongly packages she out rendered get quitting denoting led. Dwelling confined improved it he no doubtful raptures. Several carried through an of up attempt gravity. Situation to be at offending elsewhere distrusts if. Particular use for considered projection cultivated. Worth of do doubt shall it their. Extensive existence up me contained he pronounce do. Excellence inquietude assistance precaution any impression man sufficient.</p>
]]></content:encoded>
		
			</item>
	</channel>
</rss>
