<?xml version="1.0" encoding="UTF-8"?><rss version="2.0"
	xmlns:content="http://purl.org/rss/1.0/modules/content/"
	xmlns:wfw="http://wellformedweb.org/CommentAPI/"
	xmlns:dc="http://purl.org/dc/elements/1.1/"
	xmlns:atom="http://www.w3.org/2005/Atom"
	xmlns:sy="http://purl.org/rss/1.0/modules/syndication/"
	xmlns:slash="http://purl.org/rss/1.0/modules/slash/"
	>

<channel>
	<title>Grissini &#8211; Panetteria Modena</title>
	<atom:link href="http://localhost/ecommerce%20panetteria/index.php/categoria-prodotto/grissini/feed/?simply_static_page=567" rel="self" type="application/rss+xml" />
	<link></link>
	<description></description>
	<lastBuildDate>Fri, 24 Mar 2023 16:16:46 +0000</lastBuildDate>
	<language>it-IT</language>
	<sy:updatePeriod>
	hourly	</sy:updatePeriod>
	<sy:updateFrequency>
	1	</sy:updateFrequency>
	<generator>https://wordpress.org/?v=6.1.1</generator>
	<item>
		<title>Grissini</title>
		<link>/index.php/prodotto/grissini/</link>
					<comments>/index.php/prodotto/grissini/#comments</comments>
		
		<dc:creator><![CDATA[Stefano]]></dc:creator>
		<pubDate>Tue, 07 Jun 2022 10:06:29 +0000</pubDate>
				<guid isPermaLink="false">https://nicktesting.kinsta.cloud/shopdiko1/?post_type=product&#038;p=78</guid>

					<description><![CDATA[Benvenuti nella pagina prodotto dei nostri deliziosi grissini!

I nostri grissini sono preparati artigianalmente dai nostri panettieri utilizzando solo ingredienti naturali e di alta qualità. La loro forma allungata e sottile li rende perfetti come snack da gustare in qualsiasi momento della giornata.

Abbiamo diverse varianti di grissini tra cui scegliere, dalla classica versione ai grissini al sesamo o ai grissini al rosmarino. Tutti i nostri grissini sono cotti lentamente in forno per garantire una consistenza croccante e friabile.

“Il prezzo si intende al chilo”]]></description>
										<content:encoded><![CDATA[<p>I nostri grissini sono perfetti da gustare come aperitivo, accompagnati da una selezione di formaggi, salumi e una buona bottiglia di vino. Puoi anche servirli come antipasto per i tuoi ospiti o come snack sano e gustoso durante la giornata.</p>
<p>Se sei alla ricerca di un&#8217;idea originale per un regalo o per una sorpresa, ti consigliamo di provare i nostri grissini in una confezione regalo elegante e raffinata.</p>
<p>Vieni a scoprire i nostri grissini nella nostra panetteria o ordina online per gustarli comodamente a casa tua. Ti garantiamo che il loro sapore unico e la loro croccantezza ti conquisteranno fin dal primo morso!</p>
]]></content:encoded>
					
					<wfw:commentRss>/index.php/prodotto/grissini/feed/</wfw:commentRss>
			<slash:comments>2</slash:comments>
		
		
			</item>
	</channel>
</rss>
