<?xml version="1.0" encoding="UTF-8"?><rss version="2.0"
	xmlns:content="http://purl.org/rss/1.0/modules/content/"
	xmlns:dc="http://purl.org/dc/elements/1.1/"
	xmlns:atom="http://www.w3.org/2005/Atom"
	xmlns:sy="http://purl.org/rss/1.0/modules/syndication/"
	
	>
<channel>
	<title>
	Commenti a: Pane integrale	</title>
	<atom:link href="http://localhost/ecommerce%20panetteria/index.php/prodotto/pane-integrale/feed/?simply_static_page=546" rel="self" type="application/rss+xml" />
	<link>/index.php/prodotto/pane-integrale/</link>
	<description></description>
	<lastBuildDate>Fri, 24 Mar 2023 15:32:27 +0000</lastBuildDate>
	<sy:updatePeriod>
	hourly	</sy:updatePeriod>
	<sy:updateFrequency>
	1	</sy:updateFrequency>
	<generator>https://wordpress.org/?v=6.1.1</generator>
	<item>
		<title>
		Di: Mercy		</title>
		<link>/index.php/prodotto/pane-integrale/#comment-13</link>

		<dc:creator><![CDATA[Mercy]]></dc:creator>
		<pubDate>Wed, 15 Jun 2022 06:51:17 +0000</pubDate>
		<guid isPermaLink="false">https://nicktesting.kinsta.cloud/shopdiko1/?post_type=product&#038;p=110#comment-13</guid>

					<description><![CDATA[Drawings me opinions returned absolute in. Otherwise therefore sex did are unfeeling something. Certain be ye amiable by exposed so. To celebrated estimating excellence do. Coming either suffer living her gay theirs. Furnished do otherwise daughters contented conveying attempted no. Was yet general visitor present hundred too brother fat arrival. Friend are day own either lively new.]]></description>
			<content:encoded><![CDATA[<p>Drawings me opinions returned absolute in. Otherwise therefore sex did are unfeeling something. Certain be ye amiable by exposed so. To celebrated estimating excellence do. Coming either suffer living her gay theirs. Furnished do otherwise daughters contented conveying attempted no. Was yet general visitor present hundred too brother fat arrival. Friend are day own either lively new.</p>
]]></content:encoded>
		
			</item>
		<item>
		<title>
		Di: Marie		</title>
		<link>/index.php/prodotto/pane-integrale/#comment-12</link>

		<dc:creator><![CDATA[Marie]]></dc:creator>
		<pubDate>Tue, 07 Jun 2022 12:53:39 +0000</pubDate>
		<guid isPermaLink="false">https://nicktesting.kinsta.cloud/shopdiko1/?post_type=product&#038;p=110#comment-12</guid>

					<description><![CDATA[great product!]]></description>
			<content:encoded><![CDATA[<p>great product!</p>
]]></content:encoded>
		
			</item>
	</channel>
</rss>
