<?xml version="1.0" encoding="UTF-8"?><rss version="2.0"
	xmlns:content="http://purl.org/rss/1.0/modules/content/"
	xmlns:wfw="http://wellformedweb.org/CommentAPI/"
	xmlns:dc="http://purl.org/dc/elements/1.1/"
	xmlns:atom="http://www.w3.org/2005/Atom"
	xmlns:sy="http://purl.org/rss/1.0/modules/syndication/"
	xmlns:slash="http://purl.org/rss/1.0/modules/slash/"
	>

<channel>
	<title>Pane integrale &#8211; Panetteria Modena</title>
	<atom:link href="http://localhost/ecommerce%20panetteria/index.php/categoria-prodotto/pane-integrale/feed/?simply_static_page=571" rel="self" type="application/rss+xml" />
	<link></link>
	<description></description>
	<lastBuildDate>Fri, 24 Mar 2023 15:32:27 +0000</lastBuildDate>
	<language>it-IT</language>
	<sy:updatePeriod>
	hourly	</sy:updatePeriod>
	<sy:updateFrequency>
	1	</sy:updateFrequency>
	<generator>https://wordpress.org/?v=6.1.1</generator>
	<item>
		<title>Pane integrale</title>
		<link>/index.php/prodotto/pane-integrale/</link>
					<comments>/index.php/prodotto/pane-integrale/#comments</comments>
		
		<dc:creator><![CDATA[Stefano]]></dc:creator>
		<pubDate>Tue, 07 Jun 2022 10:29:17 +0000</pubDate>
				<guid isPermaLink="false">https://nicktesting.kinsta.cloud/shopdiko1/?post_type=product&#038;p=110</guid>

					<description><![CDATA[Benvenuti nella pagina prodotto del nostro pane integrale!

Il nostro pane integrale è un prodotto artigianale preparato con cura e attenzione dai nostri panettieri, utilizzando solo ingredienti naturali e di alta qualità.

La farina integrale utilizzata per la preparazione del nostro pane contiene il germe di grano e la crusca, elementi che la rendono ricca di fibre e sostanze nutritive. Il risultato è un pane dal sapore intenso e nutriente, perfetto per una dieta sana e bilanciata.

"Il prezzo si intende al chilo"]]></description>
										<content:encoded><![CDATA[<p>La nostra lavorazione artigianale, la lunga lievitazione e la cottura in forno a legna, conferiscono alla crosta del pane un colore dorato e croccante, mentre l&#8217;interno risulta soffice e fragrante.</p>
<p>Il nostro pane integrale è perfetto da gustare in ogni momento della giornata, dalla colazione alla cena. Puoi gustarlo con marmellata o burro per la colazione, farcito con salumi e formaggi per un pranzo veloce, o accompagnato da una selezione di verdure grigliate per una cena leggera e gustosa.</p>
<p>Vieni a scoprire il nostro pane integrale nella nostra panetteria, oppure ordina online per gustarlo comodamente a casa tua. Ti garantiamo che la sua bontà e il suo aroma ti conquisteranno fin dal primo morso!</p>
]]></content:encoded>
					
					<wfw:commentRss>/index.php/prodotto/pane-integrale/feed/</wfw:commentRss>
			<slash:comments>2</slash:comments>
		
		
			</item>
	</channel>
</rss>
